{
  "by_extension": {
    "pdf": {
      "total_files": 4,
      "framework_stats": {
        "pdfjs": {
          "count": 4,
          "successful": 4,
          "framework_errors": 0,
          "harness_errors": 0,
          "timeouts": 0,
          "empty_content": 0,
          "success_rate": 1.0,
          "avg_duration_ms": 41.238896000000004,
          "median_duration_ms": 24.991271,
          "p95_duration_ms": 100.27022324999997,
          "avg_extraction_duration_ms": 38.739218750000006,
          "median_extraction_duration_ms": 20.416916999999998,
          "p95_extraction_duration_ms": 99.19677064999999,
          "avg_throughput_mbps": 16.584303304664576,
          "avg_peak_memory_mb": 352.739328
        }
      }
    }
  }
}