{
  "by_extension": {
    "pdf": {
      "total_files": 1,
      "framework_stats": {
        "kreuzberg-rust": {
          "count": 1,
          "successful": 1,
          "framework_errors": 0,
          "harness_errors": 0,
          "timeouts": 0,
          "empty_content": 0,
          "success_rate": 1.0,
          "avg_duration_ms": 0.6390840000000001,
          "median_duration_ms": 0.6390840000000001,
          "p95_duration_ms": 0.6390840000000001,
          "avg_extraction_duration_ms": 0.6390840000000001,
          "median_extraction_duration_ms": 0.6390840000000001,
          "p95_extraction_duration_ms": 0.6390840000000001,
          "avg_throughput_mbps": 20.926826520457404,
          "avg_peak_memory_mb": 321.814528
        },
        "pdfjs": {
          "count": 1,
          "successful": 1,
          "framework_errors": 0,
          "harness_errors": 0,
          "timeouts": 0,
          "empty_content": 0,
          "success_rate": 1.0,
          "avg_duration_ms": 5.222666,
          "median_duration_ms": 5.222666,
          "p95_duration_ms": 5.222666,
          "avg_extraction_duration_ms": 5.039625,
          "median_extraction_duration_ms": 5.039625,
          "p95_extraction_duration_ms": 5.039625,
          "avg_throughput_mbps": 2.6537688816132152,
          "avg_peak_memory_mb": 324.4032
        },
        "pypdfium2": {
          "count": 1,
          "successful": 1,
          "framework_errors": 0,
          "harness_errors": 0,
          "timeouts": 0,
          "empty_content": 0,
          "success_rate": 1.0,
          "avg_duration_ms": 3.6193750000000002,
          "median_duration_ms": 3.6193750000000002,
          "p95_duration_ms": 3.6193750000000002,
          "avg_extraction_duration_ms": 1.3892920000000002,
          "median_extraction_duration_ms": 1.3892920000000002,
          "p95_extraction_duration_ms": 1.3892920000000002,
          "avg_throughput_mbps": 9.626486008700834,
          "avg_peak_memory_mb": 322.404352
        }
      }
    }
  }
}